Timestamp,X (g),Y (g),Z (g),Magnitude (g)
17.133,0.156250,-0.953125,-0.093750,0.970387
17.133,0.156250,-0.953125,-0.093750,0.970387
17.133,0.171875,-0.937500,-0.093750,0.957725
17.133,0.156250,-0.921875,-0.109375,0.941398
17.172,0.171875,-0.921875,-0.125000,0.946055
17.204,0.171875,-0.937500,-0.093750,0.957725
17.204,0.171875,-0.968750,-0.109375,0.989940
17.206,0.171875,-0.953125,-0.093750,0.973025
17.243,0.171875,-0.968750,-0.078125,0.986976
17.244,0.140625,-0.968750,-0.078125,0.982016
17.284,0.156250,-0.968750,-0.062500,0.983258
17.350,0.156250,-0.968750,-0.093750,0.985738
17.351,0.140625,-0.953125,-0.093750,0.967994
17.351,0.125000,-0.937500,-0.093750,0.950432
17.352,0.140625,-0.953125,-0.093750,0.967994
17.364,0.156250,-0.953125,-0.078125,0.969002
17.365,0.156250,-0.937500,-0.093750,0.955044
17.407,0.171875,-0.953125,-0.078125,0.971644
17.443,0.171875,-0.968750,-0.078125,0.986976
17.444,0.156250,-0.968750,-0.062500,0.983258
17.444,0.171875,-0.953125,-0.062500,0.970513
17.485,0.171875,-0.968750,-0.078125,0.986976
17.486,0.187500,-0.968750,-0.093750,0.991172
17.534,0.171875,-0.968750,-0.078125,0.986976
17.580,0.156250,-0.968750,-0.062500,0.983258
17.581,0.156250,-0.968750,-0.062500,0.983258
17.581,0.156250,-0.968750,-0.062500,0.983258
17.606,0.140625,-0.968750,-0.078125,0.982016
17.607,0.140625,-0.953125,-0.062500,0.965468
17.644,0.156250,-0.953125,-0.062500,0.967868
17.739,0.156250,-0.953125,-0.062500,0.967868
17.743,0.156250,-0.953125,-0.062500,0.967868
17.743,0.156250,-0.953125,-0.062500,0.967868
17.744,0.171875,-0.953125,-0.062500,0.970513
17.745,0.171875,-0.968750,-0.062500,0.985862
17.777,0.171875,-0.968750,-0.046875,0.984995
17.803,0.187500,-0.968750,-0.062500,0.988706
17.804,0.171875,-0.968750,-0.062500,0.985862
17.804,0.171875,-0.968750,-0.046875,0.984995
17.811,0.187500,-0.968750,-0.046875,0.987841
17.843,0.187500,-0.953125,-0.046875,0.972523
17.844,0.187500,-0.937500,-0.062500,0.958107
17.885,0.203125,-0.937500,-0.062500,0.961287
17.964,0.187500,-0.953125,-0.062500,0.973401
17.964,0.171875,-0.953125,-0.046875,0.969632
17.965,0.187500,-0.953125,-0.046875,0.972523
17.965,0.187500,-0.968750,-0.046875,0.987841
17.966,0.187500,-0.968750,-0.031250,0.987223
18.007,0.187500,-0.968750,-0.031250,0.987223
18.047,0.187500,-0.968750,-0.046875,0.987841
18.085,0.187500,-0.953125,-0.031250,0.971895
18.086,0.203125,-0.968750,-0.046875,0.990926
18.124,0.203125,-0.953125,-0.046875,0.975656
18.181,0.203125,-0.953125,-0.015625,0.974654
18.181,0.203125,-0.953125,-0.031250,0.975030
18.181,0.203125,-0.953125,-0.046875,0.975656
18.203,0.234375,-0.953125,-0.031250,0.982016
18.206,0.234375,-0.953125,-0.031250,0.982016
18.243,0.218750,-0.953125,-0.046875,0.979028
18.283,0.218750,-0.953125,-0.062500,0.979901
18.285,0.187500,-0.953125,-0.078125,0.974529
18.286,0.203125,-0.968750,-0.062500,0.991788
18.287,0.218750,-0.968750,-0.078125,0.996209
18.324,0.203125,-0.968750,-0.093750,0.994246
18.363,0.187500,-0.968750,-0.078125,0.989816
18.403,0.203125,-0.968750,-0.078125,0.992895
18.404,0.187500,-0.968750,-0.062500,0.988706
18.404,0.171875,-0.968750,-0.062500,0.985862
18.405,0.187500,-0.968750,-0.078125,0.989816
18.447,0.187500,-0.968750,-0.078125,0.989816
18.447,0.187500,-0.968750,-0.078125,0.989816
18.489,0.187500,-0.968750,-0.062500,0.988706
18.524,0.171875,-0.968750,-0.062500,0.985862
18.524,0.171875,-0.968750,-0.062500,0.985862
18.525,0.156250,-0.953125,-0.062500,0.967868
18.567,0.156250,-0.953125,-0.062500,0.967868
18.567,0.156250,-0.968750,-0.062500,0.983258
18.617,0.140625,-0.968750,-0.062500,0.980897
18.644,0.156250,-0.953125,-0.078125,0.969002
18.648,0.156250,-0.953125,-0.062500,0.967868
18.648,0.140625,-0.953125,-0.062500,0.965468
18.683,0.125000,-0.953125,-0.031250,0.961795
18.684,0.125000,-0.953125,-0.031250,0.961795
18.726,0.140625,-0.953125,-0.031250,0.963950
18.763,0.140625,-0.953125,-0.046875,0.964583
18.803,0.140625,-0.937500,-0.046875,0.949146
18.804,0.140625,-0.953125,-0.046875,0.964583
18.806,0.140625,-0.953125,-0.031250,0.963950
18.806,0.140625,-0.937500,-0.015625,0.948117
18.807,0.140625,-0.937500,-0.046875,0.949146
18.852,0.140625,-0.953125,-0.046875,0.964583
18.852,0.140625,-0.937500,-0.046875,0.949146
18.883,0.156250,-0.937500,-0.046875,0.951587
18.885,0.156250,-0.953125,-0.046875,0.966984
18.928,0.140625,-0.953125,-0.062500,0.965468
18.928,0.140625,-0.953125,-0.062500,0.965468
18.967,0.140625,-0.937500,-0.062500,0.950046
19.018,0.140625,-0.953125,-0.078125,0.966605
19.018,0.125000,-0.937500,-0.078125,0.949018
19.050,0.125000,-0.875000,-0.093750,0.888841
19.083,0.062500,-0.765625,-0.140625,0.780937
19.124,0.046875,-0.687500,-0.234375,0.727863
19.127,0.125000,-0.750000,-0.156250,0.776234
19.127,0.125000,-0.703125,-0.109375,0.722477
19.204,0.078125,-0.593750,-0.093750,0.606161
19.205,0.062500,-0.640625,-0.125000,0.655692
19.206,0.046875,-0.718750,-0.078125,0.724501
19.223,0.031250,-0.859375,-0.140625,0.871365
19.247,-0.031250,-0.812500,-0.140625,0.825172
19.247,-0.015625,-0.906250,-0.250000,0.940230
19.283,-0.031250,-0.984375,-0.156250,0.997188
19.284,-0.062500,-0.921875,-0.078125,0.927288
19.284,-0.093750,-0.875000,-0.156250,0.893772
19.326,-0.062500,-1.062500,-0.187500,1.080726
19.326,-0.078125,-1.000000,-0.140625,1.012857
19.366,-0.140625,-0.890625,-0.093750,0.906519
19.366,-0.218750,-0.937500,-0.171875,0.977905
19.451,-0.156250,-1.078125,-0.171875,1.102864
19.451,-0.109375,-0.984375,-0.187500,1.008024
19.451,-0.156250,-0.984375,-0.203125,1.017186
19.452,-0.250000,-0.984375,-0.187500,1.032788
19.483,-0.140625,-0.984375,-0.234375,1.021617
19.484,-0.140625,-0.984375,-0.359375,1.057317
19.523,-0.203125,-0.984375,-0.390625,1.078351
19.524,-0.156250,-1.093750,-0.312500,1.148198
19.563,-0.187500,-1.031250,-0.265625,1.081291
19.564,-0.203125,-0.937500,-0.250000,0.991295
19.604,-0.296875,-1.031250,-0.250000,1.101867
19.645,-0.218750,-1.062500,-0.265625,1.116832
19.685,-0.171875,-0.984375,-0.359375,1.061925
19.691,-0.187500,-0.906250,-0.328125,0.981892
19.692,-0.218750,-0.968750,-0.296875,1.036563
19.692,-0.218750,-0.968750,-0.296875,1.036563
19.723,-0.203125,-1.015625,-0.328125,1.086471
19.726,-0.187500,-0.968750,-0.328125,1.039855
19.764,-0.140625,-0.890625,-0.265625,0.939971
19.821,-0.171875,-0.875000,-0.234375,0.922007
19.824,-0.156250,-0.906250,-0.171875,0.935545
19.824,-0.156250,-0.875000,-0.250000,0.923330
19.825,-0.140625,-0.812500,-0.265625,0.866307
19.845,-0.140625,-0.859375,-0.171875,0.887605
19.845,-0.156250,-0.890625,-0.109375,0.910818
19.886,-0.156250,-0.890625,-0.078125,0.907596
19.923,-0.171875,-0.890625,-0.046875,0.908268
19.963,-0.203125,-0.968750,-0.046875,0.990926
19.964,-0.187500,-0.953125,-0.015625,0.971518
19.964,-0.156250,-1.031250,0.000000,1.043020
19.965,-0.234375,-1.218750,0.031250,1.241475
20.006,-0.234375,-1.281250,0.062500,1.304009
20.047,-0.281250,-1.421875,0.156250,1.457822
20.085,-0.328125,-1.515625,-0.015625,1.550816
20.086,-0.312500,-1.515625,-0.031250,1.547822
20.175,-0.296875,-1.515625,0.031250,1.544743
20.208,-0.296875,-1.421875,-0.015625,1.452621
20.208,-0.312500,-1.343750,0.015625,1.379697
20.209,-0.343750,-1.312500,-0.015625,1.356858
20.209,-0.281250,-1.265625,-0.046875,1.297346
20.209,-0.343750,-1.125000,-0.031250,1.176761
20.247,-0.296875,-1.078125,-0.093750,1.122175
20.283,-0.281250,-1.046875,-0.078125,1.086808
20.326,-0.281250,-1.015625,-0.109375,1.059509
20.326,-0.250000,-1.015625,-0.187500,1.062615
20.327,-0.265625,-1.015625,-0.156250,1.061350
20.327,-0.218750,-1.015625,-0.156250,1.050600
20.327,-0.187500,-0.984375,-0.140625,1.011892
20.363,-0.265625,-1.000000,-0.156250,1.046408
20.405,-0.203125,-1.000000,-0.140625,1.030066
20.406,-0.125000,-0.984375,-0.125000,1.000122
20.406,-0.140625,-0.953125,-0.171875,0.978654
20.448,-0.062500,-0.984375,-0.250000,1.017546
20.448,0.062500,-1.015625,-0.296875,1.059969
20.493,0.109375,-0.937500,-0.171875,0.959380
20.524,0.093750,-0.796875,0.125000,0.812049
20.524,0.078125,-0.609375,0.250000,0.663281
20.525,0.078125,-0.468750,0.234375,0.529870
20.586,-0.046875,-0.390625,-0.234375,0.457948
20.587,-0.234375,-0.453125,-0.500000,0.714321
20.608,-0.078125,-0.437500,-0.250000,0.509912
20.688,0.046875,-0.359375,-0.125000,0.383370
20.688,0.046875,-0.375000,-0.031250,0.379208
20.689,0.015625,-0.453125,0.015625,0.453663
20.689,0.093750,-0.437500,0.046875,0.449881
20.689,0.125000,-0.640625,0.078125,0.657365
20.728,0.140625,-0.843750,-0.078125,0.858949
20.763,0.156250,-0.906250,-0.156250,0.932801
20.764,0.171875,-1.015625,0.031250,1.030540
20.764,0.078125,-1.109375,0.046875,1.113110
20.765,0.093750,-1.156250,0.015625,1.160150
20.803,0.156250,-1.156250,-0.031250,1.167178
20.805,0.109375,-1.109375,-0.093750,1.118689
20.923,0.062500,-1.062500,-0.031250,1.064795
20.924,0.031250,-1.062500,0.015625,1.063074
20.927,0.046875,-1.015625,-0.015625,1.016826
20.929,0.078125,-0.921875,-0.031250,0.925707
20.930,0.031250,-0.875000,-0.015625,0.875697
20.936,0.031250,-0.875000,-0.015625,0.875697
20.968,0.031250,-0.875000,-0.015625,0.875697
21.004,0.015625,-0.796875,-0.015625,0.797181
21.004,-0.015625,-0.796875,-0.062500,0.799475
21.046,0.015625,-0.796875,-0.015625,0.797181
21.083,0.015625,-0.781250,-0.015625,0.781562
21.124,0.015625,-0.796875,-0.031250,0.797641
21.124,0.046875,-0.843750,0.000000,0.845051
21.125,0.031250,-0.859375,-0.015625,0.860085
21.163,0.000000,-0.875000,-0.078125,0.878481
21.164,0.015625,-0.906250,-0.078125,0.909745
21.204,0.000000,-0.921875,-0.062500,0.923991
21.245,0.015625,-0.890625,-0.046875,0.891995
21.246,-0.031250,-0.921875,-0.156250,0.935545
21.246,-0.031250,-0.968750,-0.156250,0.981767
21.248,-0.031250,-0.953125,-0.140625,0.963950
21.284,-0.046875,-0.875000,-0.109375,0.883054
21.285,-0.062500,-0.937500,-0.093750,0.944247
21.335,-0.062500,-1.015625,-0.109375,1.023408
21.363,-0.062500,-0.953125,-0.109375,0.961414
21.365,-0.093750,-0.859375,-0.109375,0.871365
21.366,-0.125000,-0.906250,-0.078125,0.918160
21.412,-0.109375,-1.031250,-0.109375,1.042786
21.413,-0.125000,-0.921875,-0.125000,0.938671
21.443,-0.140625,-0.875000,-0.140625,0.897316
21.444,-0.203125,-0.937500,-0.187500,0.977406
21.483,-0.203125,-0.937500,-0.187500,0.977406
21.524,-0.171875,-0.984375,-0.171875,1.013941
21.563,-0.171875,-0.953125,-0.187500,0.986481
21.603,-0.187500,-0.875000,-0.171875,0.911220
21.614,-0.203125,-0.921875,-0.203125,0.965595
21.614,-0.218750,-0.953125,-0.218750,1.002073
21.615,-0.234375,-0.890625,-0.125000,0.929392
21.615,-0.187500,-0.859375,-0.156250,0.893362
21.644,-0.187500,-0.906250,-0.156250,0.938541
21.645,-0.156250,-0.921875,-0.109375,0.941398
21.689,-0.171875,-0.921875,-0.093750,0.942435
21.689,-0.171875,-0.921875,-0.078125,0.941009
21.725,-0.218750,-0.921875,-0.125000,0.955683
21.725,-0.234375,-0.937500,-0.093750,0.970890
21.765,-0.203125,-0.968750,-0.187500,1.007419
21.765,-0.203125,-0.921875,-0.171875,0.959507
21.766,-0.218750,-0.937500,-0.093750,0.967237
21.807,-0.187500,-0.968750,-0.125000,0.994614
21.807,-0.187500,-1.000000,-0.218750,1.040677
21.851,-0.171875,-0.984375,-0.171875,1.013941
21.851,-0.156250,-0.953125,-0.140625,0.976031
21.883,-0.218750,-0.984375,-0.109375,1.014302
21.884,-0.218750,-1.031250,-0.109375,1.059854
21.924,-0.203125,-0.968750,-0.109375,0.995841
21.924,-0.171875,-0.984375,-0.109375,1.005235
21.985,-0.171875,-1.015625,-0.093750,1.034323
21.985,-0.171875,-0.968750,-0.062500,0.985862
22.009,-0.171875,-0.968750,-0.062500,0.985862
22.085,-0.140625,-0.968750,-0.093750,0.983382
22.085,-0.140625,-1.000000,-0.062500,1.011772
22.087,-0.125000,-1.031250,-0.078125,1.041732
22.123,-0.140625,-1.031250,-0.125000,1.048273
22.129,-0.125000,-1.078125,-0.140625,1.094419
22.184,-0.109375,-1.203125,-0.093750,1.211718
22.203,-0.140625,-1.250000,-0.109375,1.262631
22.243,-0.203125,-1.296875,-0.109375,1.317235
22.284,-0.234375,-1.390625,-0.109375,1.414472
22.284,-0.203125,-1.453125,-0.031250,1.467586
22.285,-0.218750,-1.421875,-0.046875,1.439367
22.286,-0.265625,-1.265625,-0.093750,1.296593
22.286,-0.296875,-1.218750,-0.203125,1.270727
22.286,-0.250000,-1.156250,-0.296875,1.219651
22.323,-0.218750,-1.093750,-0.218750,1.136658
22.324,-0.234375,-1.062500,-0.140625,1.097093
22.409,-0.265625,-1.046875,-0.109375,1.085572
22.410,-0.281250,-1.031250,-0.156250,1.080274
22.410,-0.281250,-1.031250,-0.187500,1.085235
22.410,-0.281250,-1.015625,-0.203125,1.073245
22.443,-0.234375,-1.000000,-0.171875,1.041380
22.444,-0.187500,-1.015625,-0.125000,1.040325
22.524,-0.203125,-1.000000,-0.171875,1.034795
22.564,-0.203125,-1.000000,-0.171875,1.034795
22.567,-0.203125,-1.000000,-0.171875,1.034795
22.567,-0.140625,-1.015625,-0.234375,1.051761
22.568,-0.109375,-1.000000,-0.296875,1.048855
22.568,-0.062500,-0.953125,-0.250000,0.987347
22.643,-0.046875,-0.906250,-0.281250,0.950046
22.644,0.062500,-0.843750,-0.171875,0.863343
22.645,0.046875,-0.734375,-0.046875,0.737361
22.645,0.093750,-0.531250,0.140625,0.557486
22.683,0.015625,-0.312500,0.265625,0.410435
22.684,-0.156250,-0.328125,-0.062500,0.368763
22.743,-0.203125,-0.359375,-0.484375,0.636419
22.765,-0.015625,-0.421875,-0.328125,0.534686
22.770,0.031250,-0.390625,-0.109375,0.406851
22.771,0.093750,-0.437500,0.000000,0.447432
22.805,0.125000,-0.578125,0.046875,0.593339
22.843,0.125000,-0.750000,-0.062500,0.762910
22.884,0.171875,-0.906250,-0.171875,0.938281
22.885,0.250000,-1.000000,-0.078125,1.033733
22.885,0.234375,-1.093750,0.046875,1.119562
22.886,0.187500,-1.109375,0.109375,1.130412
22.886,0.218750,-1.140625,0.109375,1.166550
22.939,0.234375,-1.125000,0.031250,1.149580
22.944,0.203125,-1.062500,-0.031250,1.082193
22.964,0.171875,-1.031250,-0.031250,1.045942
23.043,0.187500,-1.000000,-0.031250,1.017906
23.083,0.171875,-0.921875,-0.046875,0.938931
23.126,0.156250,-0.875000,-0.046875,0.890077
23.126,0.125000,-0.890625,-0.062500,0.901523
23.127,0.125000,-0.875000,-0.031250,0.884436
23.127,0.140625,-0.890625,-0.031250,0.902200
23.128,0.140625,-0.921875,-0.031250,0.933062
23.172,0.140625,-0.953125,-0.062500,0.965468
23.172,0.156250,-0.968750,-0.031250,0.981767
23.245,0.171875,-0.984375,-0.015625,0.999389
23.248,0.156250,-0.984375,0.000000,0.996699
23.249,0.140625,-0.984375,-0.015625,0.994492
23.249,0.156250,-0.984375,-0.015625,0.996821
23.249,0.140625,-0.953125,-0.046875,0.964583
23.284,0.109375,-0.921875,-0.046875,0.929523
23.288,0.125000,-0.843750,-0.078125,0.856529
23.326,0.125000,-0.796875,-0.078125,0.810394
23.370,0.062500,-0.734375,-0.125000,0.747555
23.370,0.171875,-0.781250,-0.062500,0.802371
23.370,0.156250,-0.796875,-0.062500,0.814451
23.404,0.093750,-0.796875,-0.078125,0.806165
23.404,0.125000,-0.859375,-0.078125,0.871925
23.445,0.078125,-0.875000,-0.031250,0.879036
23.505,0.062500,-0.906250,-0.078125,0.911756
23.506,0.046875,-0.875000,-0.062500,0.878481
23.506,0.031250,-0.890625,-0.031250,0.891721
23.534,0.031250,-0.890625,-0.031250,0.891721
23.534,0.031250,-0.890625,-0.031250,0.891721
23.569,0.031250,-0.921875,-0.062500,0.924520
23.604,-0.031250,-0.875000,-0.171875,0.892268
23.604,0.015625,-0.875000,-0.078125,0.878620
23.605,0.015625,-0.937500,-0.078125,0.940879
23.644,-0.046875,-0.921875,-0.125000,0.931491
23.692,-0.062500,-0.906250,-0.093750,0.913227
23.726,-0.062500,-0.921875,-0.062500,0.926103
23.726,-0.109375,-0.937500,-0.140625,0.954277
23.726,-0.140625,-0.937500,-0.156250,0.960779
23.727,-0.109375,-0.906250,-0.093750,0.917628
23.727,-0.125000,-0.875000,-0.093750,0.888841
23.763,-0.125000,-0.921875,-0.109375,0.936718
23.764,-0.109375,-0.921875,-0.140625,0.938931
23.807,-0.187500,-0.875000,-0.156250,0.908403
23.807,-0.156250,-0.875000,-0.140625,0.899897
23.893,-0.125000,-0.921875,-0.140625,0.940879
23.894,-0.156250,-0.890625,-0.187500,0.923463
23.894,-0.187500,-0.906250,-0.203125,0.947473
23.894,-0.218750,-0.906250,-0.125000,0.940620
23.933,-0.156250,-0.968750,-0.156250,0.993632
23.934,-0.156250,-0.953125,-0.187500,0.983879
23.964,-0.218750,-0.937500,-0.187500,0.980772
23.965,-0.250000,-0.953125,-0.171875,1.000244
24.017,-0.203125,-1.046875,-0.156250,1.077785
24.046,-0.234375,-1.031250,-0.203125,1.076879
24.123,-0.265625,-0.984375,-0.203125,1.039620
24.124,-0.265625,-1.031250,-0.218750,1.087145
24.125,-0.281250,-1.031250,-0.218750,1.091068
24.135,-0.250000,-0.968750,-0.187500,1.017906
24.163,-0.250000,-0.953125,-0.140625,0.995351
24.164,-0.281250,-0.968750,-0.109375,1.014663
24.204,-0.203125,-1.000000,-0.109375,1.026266
24.204,-0.187500,-0.984375,-0.109375,1.008024
24.243,-0.234375,-0.953125,-0.078125,0.984623
24.244,-0.265625,-0.921875,-0.031250,0.959889
24.245,-0.234375,-0.984375,-0.062500,1.013821
24.283,-0.203125,-0.984375,-0.109375,1.011047
24.325,-0.187500,-0.937500,-0.046875,0.957215
24.325,-0.187500,-0.953125,-0.078125,0.974529
24.325,-0.187500,-0.953125,-0.062500,0.973401
24.368,-0.156250,-0.953125,-0.046875,0.966984
24.368,-0.171875,-0.937500,-0.031250,0.953637
24.403,-0.187500,-0.921875,0.015625,0.940879
24.405,-0.171875,-0.953125,0.046875,0.969632
24.469,-0.140625,-0.984375,-0.031250,0.994860
24.473,-0.125000,-0.984375,-0.078125,0.995351
24.484,-0.109375,-1.031250,-0.109375,1.042786
24.484,-0.125000,-1.140625,-0.062500,1.149155
24.523,-0.171875,-1.234375,-0.078125,1.248730
24.524,-0.171875,-1.234375,-0.078125,1.248730
24.564,-0.203125,-1.328125,-0.062500,1.345021
24.565,-0.250000,-1.406250,-0.062500,1.429666
24.603,-0.187500,-1.468750,0.015625,1.480752
24.604,-0.234375,-1.468750,0.000000,1.487333
24.661,-0.265625,-1.390625,-0.031250,1.416111
24.662,-0.234375,-1.390625,-0.125000,1.415766
24.698,-0.203125,-1.406250,-0.140625,1.427786
24.728,-0.187500,-1.296875,-0.140625,1.317883
24.777,-0.250000,-1.187500,-0.125000,1.219951
24.804,-0.281250,-1.171875,-0.250000,1.230810
24.804,-0.218750,-1.156250,-0.250000,1.203024
24.805,-0.171875,-1.109375,-0.156250,1.133432
24.806,-0.203125,-1.078125,-0.078125,1.099871
24.806,-0.218750,-1.078125,-0.062500,1.101867
24.806,-0.296875,-1.046875,-0.062500,1.089949
24.862,-0.265625,-1.046875,-0.093750,1.084109
24.883,-0.234375,-1.031250,-0.156250,1.069029
24.884,-0.156250,-1.000000,-0.125000,1.019823
24.884,-0.187500,-1.000000,-0.140625,1.027099
24.923,-0.125000,-1.000000,-0.171875,1.022334
24.964,-0.140625,-0.984375,-0.234375,1.021617
25.003,-0.046875,-0.968750,-0.250000,1.001586
25.004,-0.031250,-0.890625,-0.125000,0.899897
25.004,-0.015625,-0.828125,0.062500,0.830627
25.045,0.000000,-0.734375,0.156250,0.750813
25.084,-0.046875,-0.437500,-0.125000,0.457415
25.123,0.078125,-0.406250,-0.156250,0.442218
25.124,0.015625,-0.328125,-0.218750,0.394667
25.129,-0.046875,-0.312500,-0.265625,0.412808
25.168,-0.046875,-0.359375,-0.078125,0.370744
25.169,-0.031250,-0.437500,0.046875,0.441112
25.205,0.000000,-0.546875,0.015625,0.547098
25.245,0.140625,-0.593750,0.062500,0.613368
25.245,0.140625,-0.734375,0.046875,0.749186
25.247,0.109375,-0.875000,-0.015625,0.881948
25.247,0.125000,-0.984375,0.015625,0.992403
25.286,0.250000,-1.062500,0.078125,1.094308
25.363,0.140625,-1.109375,0.125000,1.125217
25.416,0.125000,-1.078125,0.125000,1.092522
25.416,0.140625,-1.031250,0.093750,1.045008
25.416,0.140625,-1.015625,0.031250,1.025790
25.417,0.156250,-0.968750,-0.015625,0.981394
25.417,0.125000,-0.921875,-0.015625,0.930442
25.417,0.109375,-0.890625,0.015625,0.897452
25.454,0.109375,-0.890625,0.000000,0.897316
25.488,0.140625,-0.875000,0.000000,0.886228
25.525,0.140625,-0.906250,-0.015625,0.917229
25.525,0.140625,-0.906250,0.015625,0.917229
25.540,0.125000,-0.937500,0.046875,0.946958
25.540,0.125000,-0.937500,0.046875,0.946958
25.604,0.125000,-0.937500,0.046875,0.946958
25.610,0.156250,-0.953125,0.062500,0.967868
25.615,0.187500,-0.953125,0.046875,0.972523
25.616,0.171875,-0.968750,0.046875,0.984995
25.643,0.156250,-0.968750,0.046875,0.982389
25.645,0.171875,-0.968750,0.046875,0.984995
25.683,0.171875,-0.968750,0.062500,0.985862
25.752,0.156250,-0.953125,0.031250,0.966353
25.753,0.125000,-0.921875,0.015625,0.930442
25.753,0.093750,-0.890625,0.031250,0.896091
25.789,0.078125,-0.828125,0.000000,0.831802
25.789,0.156250,-0.859375,-0.031250,0.874023
25.789,0.109375,-0.843750,0.015625,0.850953
25.868,0.078125,-0.796875,0.031250,0.801305
25.868,0.062500,-0.843750,-0.015625,0.846206
25.869,0.062500,-0.875000,0.000000,0.877229
25.870,0.062500,-0.890625,0.000000,0.892815
25.889,0.031250,-0.890625,-0.093750,0.896091
25.891,0.031250,-0.921875,-0.078125,0.925707
25.930,0.046875,-0.921875,-0.031250,0.923595
25.966,0.000000,-0.890625,-0.109375,0.897316
25.966,0.031250,-0.953125,-0.109375,0.959889
25.967,0.000000,-0.953125,-0.078125,0.956321
26.013,-0.031250,-0.890625,-0.109375,0.897860
26.085,0.015625,-0.953125,-0.078125,0.956449
26.088,-0.031250,-0.875000,-0.109375,0.882363
26.088,-0.046875,-0.984375,-0.093750,0.989940
26.133,-0.078125,-0.875000,-0.062500,0.880701
26.136,-0.125000,-0.828125,-0.125000,0.846783
26.165,-0.093750,-0.921875,-0.109375,0.933062
26.203,-0.093750,-0.984375,-0.140625,0.998779
26.204,-0.109375,-0.906250,-0.109375,0.919356
26.204,-0.125000,-0.906250,-0.125000,0.923330
26.205,-0.125000,-0.968750,-0.140625,0.986852
26.243,-0.156250,-0.953125,-0.281250,1.005964
26.244,-0.125000,-0.953125,-0.234375,0.989446
26.283,-0.171875,-0.859375,-0.171875,0.893089
26.331,-0.156250,-0.906250,-0.218750,0.945280
26.331,-0.171875,-0.906250,-0.140625,0.933062
26.331,-0.187500,-0.937500,-0.125000,0.964203
26.372,-0.156250,-0.906250,-0.093750,0.924387
26.377,-0.187500,-0.890625,-0.109375,0.916696
26.405,-0.203125,-0.984375,-0.125000,1.012857
26.453,-0.171875,-0.984375,-0.281250,1.038093
26.454,-0.125000,-0.968750,-0.312500,1.025552
26.454,-0.171875,-0.875000,-0.250000,0.926103
26.483,-0.187500,-0.953125,-0.234375,0.999267
26.484,-0.203125,-0.953125,-0.171875,0.989570
26.525,-0.218750,-0.906250,-0.093750,0.936979
26.526,-0.250000,-0.875000,-0.031250,0.910550
26.565,-0.250000,-0.875000,-0.031250,0.910550
26.565,-0.234375,-0.937500,-0.046875,0.967489
26.603,-0.234375,-0.968750,-0.140625,1.006570
26.604,-0.203125,-0.968750,-0.281250,1.028998
26.645,-0.203125,-0.953125,-0.203125,0.995473
26.762,-0.218750,-0.953125,-0.187500,0.995718
26.762,-0.187500,-0.968750,-0.187500,1.004385
26.763,-0.234375,-1.000000,-0.218750,1.050135
26.763,-0.218750,-1.000000,-0.203125,1.043605
26.763,-0.250000,-0.937500,-0.125000,0.978280
26.764,-0.218750,-0.968750,-0.125000,1.000976
26.781,-0.250000,-1.046875,-0.109375,1.081855
26.784,-0.218750,-0.984375,-0.093750,1.012736
26.833,-0.203125,-0.921875,-0.062500,0.946055
26.834,-0.203125,-0.937500,-0.031250,0.959762
26.861,-0.187500,-1.000000,-0.031250,1.017906
26.862,-0.203125,-1.015625,-0.046875,1.036799
26.899,-0.218750,-0.968750,-0.093750,0.997556
26.900,-0.234375,-1.062500,-0.062500,1.089837
26.926,-0.281250,-1.171875,-0.093750,1.208793
26.927,-0.296875,-1.218750,-0.109375,1.259146
26.965,-0.296875,-1.234375,-0.093750,1.273030
26.965,-0.265625,-1.281250,-0.078125,1.310825
27.022,-0.296875,-1.390625,-0.031250,1.422304
27.086,-0.296875,-1.343750,-0.031250,1.376508
27.123,-0.312500,-1.296875,-0.046875,1.334818
27.124,-0.296875,-1.265625,-0.015625,1.300071
27.124,-0.265625,-1.203125,-0.031250,1.232495
27.125,-0.281250,-1.171875,-0.093750,1.208793
27.163,-0.250000,-1.125000,-0.125000,1.159202
27.164,-0.218750,-1.078125,-0.171875,1.113439
27.211,-0.156250,-1.015625,-0.187500,1.044540
27.212,-0.203125,-1.078125,-0.171875,1.110475
27.245,-0.234375,-1.078125,-0.125000,1.110365
27.245,-0.250000,-1.046875,-0.078125,1.079144
27.247,-0.250000,-1.031250,-0.078125,1.063993
27.323,-0.218750,-1.046875,-0.109375,1.075064
27.365,-0.187500,-1.000000,-0.109375,1.023288
27.369,-0.203125,-1.031250,-0.156250,1.062615
27.369,-0.171875,-1.046875,-0.140625,1.070170
27.370,-0.140625,-1.031250,-0.187500,1.057548
27.370,-0.093750,-1.015625,-0.250000,1.050135
27.411,-0.078125,-1.000000,-0.312500,1.050600
27.421,-0.031250,-1.015625,-0.265625,1.050251
27.445,0.000000,-0.953125,-0.125000,0.961287
27.483,0.046875,-0.828125,0.187500,0.850379
27.484,-0.046875,-0.593750,0.296875,0.665486
27.485,0.015625,-0.390625,0.312500,0.500488
27.525,-0.078125,-0.296875,-0.187500,0.359715
27.527,-0.171875,-0.328125,-0.375000,0.527098
27.563,-0.171875,-0.328125,-0.375000,0.527098
27.607,-0.187500,-0.359375,-0.218750,0.460606
27.607,-0.078125,-0.359375,-0.031250,0.369094
27.607,0.046875,-0.296875,0.125000,0.325510
27.649,-0.031250,-0.406250,0.062500,0.412216
27.650,0.062500,-0.609375,0.031250,0.613368
27.684,0.062500,-0.671875,0.031250,0.675499
27.724,0.125000,-0.843750,0.000000,0.852959
27.726,0.250000,-1.015625,0.015625,1.046058
27.726,0.218750,-1.140625,0.093750,1.165189
27.727,0.187500,-1.203125,0.203125,1.234474
27.766,0.109375,-1.187500,0.171875,1.204849
27.767,0.093750,-1.140625,0.156250,1.155088
27.806,0.171875,-1.187500,0.062500,1.201501
27.846,0.156250,-1.109375,0.000000,1.120324
27.846,0.125000,-0.968750,0.000000,0.976781
27.846,0.109375,-0.921875,0.015625,0.928472
27.883,0.078125,-0.890625,0.015625,0.894181
27.884,0.125000,-0.843750,0.031250,0.853531
27.923,0.140625,-0.859375,0.031250,0.871365
27.986,0.109375,-0.859375,0.000000,0.866307
28.005,0.125000,-0.875000,0.000000,0.883883
28.030,0.140625,-0.937500,0.031250,0.948503
28.030,0.140625,-0.953125,0.015625,0.963570
28.084,0.140625,-0.984375,0.000000,0.994369
28.085,0.140625,-1.000000,0.015625,1.009960
28.086,0.125000,-1.000000,0.031250,1.008267
28.129,0.140625,-1.000000,0.031250,1.010323
28.129,0.125000,-0.968750,0.015625,0.976906
28.179,0.125000,-0.937500,-0.015625,0.945926
28.206,0.125000,-0.921875,-0.015625,0.930442
28.207,0.140625,-0.937500,-0.015625,0.948117
28.207,0.125000,-0.953125,0.000000,0.961287
28.208,0.109375,-0.937500,-0.015625,0.943988
28.243,0.109375,-0.953125,-0.031250,0.959889
28.283,0.125000,-0.953125,0.000000,0.961287
28.323,0.125000,-0.953125,0.015625,0.961414
28.324,0.109375,-0.953125,-0.015625,0.959507
28.324,0.109375,-0.953125,-0.015625,0.959507
28.325,0.093750,-0.921875,-0.031250,0.927156
28.364,0.109375,-0.921875,-0.031250,0.928866
28.364,0.093750,-0.890625,-0.031250,0.896091
28.405,0.062500,-0.843750,-0.046875,0.847359
28.444,0.046875,-0.828125,-0.062500,0.831802
28.448,0.109375,-0.843750,-0.046875,0.852100
28.448,0.093750,-0.812500,-0.062500,0.820275
28.487,0.046875,-0.812500,-0.062500,0.816247
28.488,0.031250,-0.843750,-0.078125,0.847935
28.563,0.031250,-0.859375,-0.046875,0.861220
28.610,0.031250,-0.843750,-0.078125,0.847935
28.610,0.031250,-0.859375,-0.140625,0.871365
28.611,0.031250,-0.859375,-0.140625,0.871365
28.611,0.031250,-0.875000,-0.109375,0.882363
28.612,0.015625,-0.875000,-0.125000,0.884022
28.643,0.000000,-0.875000,-0.187500,0.894864
28.684,0.000000,-0.875000,-0.125000,0.883883
28.684,-0.015625,-0.906250,-0.109375,0.912960
28.685,-0.031250,-0.859375,-0.109375,0.866871
28.746,-0.015625,-0.875000,-0.171875,0.891858
28.747,-0.031250,-0.875000,-0.140625,0.886779
28.747,-0.031250,-0.875000,-0.125000,0.884436
28.805,-0.078125,-0.859375,-0.171875,0.879869
28.805,-0.093750,-0.890625,-0.140625,0.906519
28.805,-0.093750,-0.875000,-0.156250,0.893772
28.807,-0.078125,-0.890625,-0.140625,0.905037
28.843,-0.093750,-0.921875,-0.140625,0.937240
28.844,-0.109375,-0.906250,-0.078125,0.916163
28.888,-0.140625,-0.921875,-0.062500,0.934631
28.942,-0.156250,-0.953125,-0.125000,0.973903
28.945,-0.187500,-0.937500,-0.125000,0.964203
28.945,-0.140625,-0.890625,-0.093750,0.906519
28.966,-0.140625,-0.953125,-0.125000,0.971518
28.966,-0.187500,-0.953125,-0.093750,0.975906
29.003,-0.187500,-0.921875,-0.093750,0.945409
29.046,-0.187500,-0.906250,-0.093750,0.930180
29.083,-0.203125,-1.062500,-0.093750,1.085797
29.084,-0.250000,-1.015625,-0.125000,1.053385
29.140,-0.234375,-1.031250,-0.078125,1.060430
29.141,-0.218750,-1.000000,-0.093750,1.027930
29.184,-0.187500,-0.984375,-0.125000,1.009839
29.184,-0.218750,-1.000000,-0.171875,1.037975
29.204,-0.203125,-1.000000,-0.140625,1.030066
29.283,-0.171875,-0.984375,-0.125000,1.007055
29.284,-0.156250,-0.984375,-0.156250,1.008872
29.284,-0.187500,-0.984375,-0.125000,1.009839
29.288,-0.187500,-1.031250,-0.109375,1.053848
29.289,-0.234375,-1.093750,-0.109375,1.123914
29.290,-0.250000,-1.062500,-0.109375,1.096982
29.340,-0.234375,-1.046875,-0.093750,1.076879
29.340,-0.234375,-1.015625,-0.062500,1.044190
29.364,-0.218750,-1.015625,-0.046875,1.039973
29.365,-0.218750,-1.031250,-0.078125,1.057086
29.404,-0.171875,-1.062500,-0.093750,1.080387
29.404,-0.156250,-1.062500,-0.093750,1.078012
29.443,-0.140625,-1.109375,-0.062500,1.119998
29.444,-0.125000,-1.156250,-0.109375,1.168119
29.483,-0.140625,-1.171875,-0.156250,1.190580
29.484,-0.140625,-1.187500,-0.171875,1.208086
29.537,-0.125000,-1.171875,-0.109375,1.183587
29.537,-0.156250,-1.203125,-0.093750,1.216845
29.564,-0.218750,-1.218750,-0.125000,1.244519
29.582,-0.218750,-1.218750,-0.125000,1.244519
29.605,-0.203125,-1.218750,-0.140625,1.243538
29.644,-0.187500,-1.218750,-0.140625,1.241081
29.644,-0.187500,-1.187500,-0.140625,1.210408
29.646,-0.171875,-1.171875,-0.187500,1.199161
29.685,-0.203125,-1.203125,-0.250000,1.245500
29.687,-0.218750,-1.140625,-0.218750,1.181833
29.736,-0.203125,-1.093750,-0.203125,1.130844
29.744,-0.187500,-1.062500,-0.187500,1.095088
29.747,-0.203125,-1.031250,-0.187500,1.067658
29.766,-0.218750,-1.031250,-0.140625,1.063534
29.766,-0.250000,-1.015625,-0.062500,1.047807
29.803,-0.234375,-0.984375,-0.015625,1.012013
29.843,-0.250000,-0.984375,-0.046875,1.016706
29.883,-0.234375,-1.000000,-0.093750,1.031368
29.884,-0.234375,-0.968750,-0.062500,0.998656
29.885,-0.218750,-0.968750,-0.078125,0.996209
29.886,-0.171875,-0.984375,-0.093750,1.003655
29.955,-0.234375,-0.953125,-0.125000,0.989446
30.005,-0.187500,-0.953125,-0.062500,0.973401
30.012,-0.171875,-0.953125,-0.046875,0.969632
30.012,-0.187500,-0.937500,0.000000,0.956066
30.013,-0.187500,-0.906250,-0.031250,0.925971
30.096,-0.140625,-0.937500,-0.062500,0.950046
30.096,-0.093750,-0.968750,-0.046875,0.974404
30.096,-0.015625,-0.937500,0.109375,0.943988
30.123,-0.015625,-0.843750,0.187500,0.864474
30.125,0.046875,-0.734375,0.140625,0.749186
30.172,0.109375,-0.562500,0.218750,0.613368
30.204,-0.015625,-0.453125,0.078125,0.460076
30.204,-0.125000,-0.406250,-0.109375,0.438893
30.205,-0.078125,-0.453125,-0.156250,0.485633
30.206,0.031250,-0.500000,-0.093750,0.509672
30.288,0.093750,-0.484375,-0.015625,0.493612
30.324,0.156250,-0.500000,-0.046875,0.525939
30.325,0.062500,-0.734375,0.093750,0.742968
30.325,0.140625,-0.796875,0.062500,0.811598
30.325,0.281250,-0.937500,-0.015625,0.978903
30.369,0.343750,-1.062500,-0.078125,1.119452
30.370,0.359375,-1.140625,0.000000,1.195900
30.370,0.296875,-1.156250,0.171875,1.206064
30.413,0.312500,-1.093750,0.156250,1.148198
30.443,0.281250,-1.078125,0.046875,1.115192
30.444,0.296875,-1.031250,-0.031250,1.073586
30.444,0.281250,-0.953125,-0.046875,0.994860
30.526,0.234375,-0.890625,-0.093750,0.925707
30.563,0.171875,-0.859375,-0.062500,0.878620
30.604,0.187500,-0.828125,-0.015625,0.849230
30.605,0.218750,-0.843750,-0.015625,0.871785
30.607,0.187500,-0.875000,-0.046875,0.896091
30.612,0.187500,-0.875000,-0.046875,0.896091
30.612,0.203125,-0.890625,-0.046875,0.914697
30.612,0.203125,-0.937500,0.000000,0.959253
30.643,0.203125,-0.968750,0.015625,0.989940
30.683,0.218750,-1.000000,0.031250,1.024123
30.684,0.250000,-1.015625,0.015625,1.046058
30.685,0.234375,-1.000000,-0.015625,1.027217
30.685,0.203125,-0.984375,-0.015625,1.005235
30.749,0.187500,-0.968750,0.000000,0.986728
30.749,0.203125,-0.968750,0.000000,0.989816
30.765,0.203125,-0.921875,-0.031250,0.944505
30.804,0.187500,-0.921875,-0.062500,0.942823
30.804,0.203125,-0.906250,-0.031250,0.929261
30.805,0.203125,-0.906250,-0.031250,0.929261
30.845,0.203125,-0.906250,-0.031250,0.929261
30.845,0.187500,-0.906250,-0.015625,0.925575
30.885,0.187500,-0.921875,-0.031250,0.941268
30.946,0.187500,-0.937500,0.000000,0.956066
30.956,0.187500,-0.953125,0.000000,0.971393
30.959,0.187500,-0.953125,0.015625,0.971518
30.965,0.171875,-0.953125,0.000000,0.968498
30.965,0.156250,-0.937500,0.000000,0.950432
31.004,0.156250,-0.921875,-0.015625,0.935153
31.046,0.171875,-0.921875,-0.015625,0.937891
31.083,0.156250,-0.921875,0.000000,0.935023
31.084,0.140625,-0.921875,-0.015625,0.932670
31.131,0.109375,-0.906250,-0.031250,0.913361
31.170,0.125000,-0.906250,-0.031250,0.915364
31.171,0.125000,-0.890625,-0.015625,0.899490
31.171,0.078125,-0.890625,-0.046875,0.895273
31.204,0.093750,-0.906250,-0.031250,0.911622
31.205,0.140625,-0.890625,-0.031250,0.902200
31.205,0.109375,-0.859375,0.000000,0.866307
31.254,0.062500,-0.859375,-0.046875,0.862919
31.283,0.078125,-0.875000,-0.046875,0.879731
31.284,0.093750,-0.890625,-0.062500,0.897724
31.286,0.093750,-0.812500,-0.015625,0.818040
31.328,0.062500,-0.828125,-0.031250,0.831068
31.331,0.046875,-0.890625,-0.031250,0.892405
31.364,0.062500,-0.875000,-0.046875,0.878481
31.403,0.046875,-0.765625,-0.031250,0.767695
31.404,0.046875,-0.828125,-0.031250,0.830039
31.404,0.015625,-0.875000,0.015625,0.875279
31.443,0.031250,-0.828125,-0.031250,0.829303
31.444,0.015625,-0.765625,-0.046875,0.767218
31.483,0.000000,-0.875000,-0.046875,0.876255
31.484,0.015625,-0.859375,-0.031250,0.860085
31.538,0.015625,-0.828125,-0.031250,0.828862
31.539,0.000000,-0.859375,0.000000,0.859375
31.563,-0.015625,-0.921875,0.015625,0.922140
31.564,-0.046875,-0.921875,-0.015625,0.923198
31.603,-0.031250,-0.953125,0.000000,0.953637
31.644,-0.031250,-0.984375,0.015625,0.984995
31.644,-0.046875,-1.000000,0.031250,1.001586
31.647,-0.078125,-1.000000,0.031250,1.003534
31.691,-0.078125,-1.093750,0.000000,1.096537
31.702,-0.078125,-1.062500,-0.031250,1.065827
31.763,-0.062500,-1.015625,-0.031250,1.018026
31.804,-0.109375,-1.000000,0.015625,1.006085
31.806,-0.046875,-1.031250,0.000000,1.032315
31.807,-0.046875,-1.046875,-0.109375,1.053616
31.808,-0.031250,-0.984375,-0.078125,0.987965
31.814,-0.031250,-0.953125,0.000000,0.953637
31.815,-0.046875,-1.078125,0.031250,1.079596
31.843,-0.046875,-1.078125,0.031250,1.079596
31.844,-0.062500,-1.062500,0.046875,1.065368
31.888,-0.046875,-1.062500,0.046875,1.064566
31.888,-0.062500,-1.078125,0.015625,1.080048
31.926,-0.046875,-1.109375,0.031250,1.110805
31.927,-0.031250,-1.046875,0.031250,1.047807
32.003,-0.062500,-1.015625,0.062500,1.019464
32.004,-0.062500,-1.078125,0.031250,1.080387
32.004,-0.046875,-1.078125,-0.031250,1.079596
32.077,-0.015625,-1.000000,-0.015625,1.000244
32.083,-0.031250,-0.984375,0.031250,0.985367
32.084,-0.062500,-1.062500,0.000000,1.064337
32.130,-0.062500,-1.046875,0.046875,1.049786
32.130,-0.078125,-1.093750,0.015625,1.096648
32.163,-0.078125,-1.093750,0.000000,1.096537
32.164,-0.062500,-1.171875,-0.062500,1.175204
32.204,-0.062500,-1.203125,-0.015625,1.204849
32.205,-0.062500,-1.187500,0.015625,1.189246
32.205,-0.093750,-1.203125,-0.031250,1.207177
32.262,-0.093750,-1.296875,-0.062500,1.301760
32.262,-0.093750,-1.281250,-0.062500,1.286195
32.296,-0.093750,-1.265625,0.000000,1.269092
32.329,-0.109375,-1.281250,-0.031250,1.286290
32.329,-0.140625,-1.281250,-0.031250,1.289323
32.329,-0.156250,-1.218750,-0.062500,1.230314
32.364,-0.125000,-1.203125,-0.062500,1.211215
32.364,-0.125000,-1.171875,-0.046875,1.179455
32.406,-0.125000,-1.109375,-0.046875,1.117379
32.458,-0.156250,-1.109375,-0.062500,1.122066
32.483,-0.140625,-1.093750,-0.031250,1.103196
32.485,-0.125000,-1.046875,-0.015625,1.054427
32.485,-0.171875,-1.015625,-0.015625,1.030184
32.485,-0.171875,-1.031250,-0.046875,1.046525
32.523,-0.140625,-1.015625,-0.093750,1.029591
32.569,-0.109375,-0.968750,-0.062500,0.976906
32.569,-0.156250,-0.984375,-0.093750,1.001098
32.570,-0.156250,-0.968750,-0.093750,0.985738
32.603,-0.140625,-0.921875,-0.125000,0.940879
32.604,-0.109375,-0.906250,-0.093750,0.917628
32.643,-0.109375,-0.953125,-0.062500,0.961414
32.685,-0.109375,-0.953125,-0.062500,0.961414
32.686,-0.109375,-0.937500,-0.140625,0.954277
32.686,-0.031250,-0.953125,-0.171875,0.969002
32.688,-0.031250,-1.046875,-0.187500,1.063993
32.723,0.046875,-1.031250,-0.078125,1.035267
32.764,0.031250,-0.968750,-0.031250,0.969758
32.805,0.062500,-0.890625,0.125000,0.901523
32.805,0.062500,-0.765625,0.203125,0.794574
32.805,0.078125,-0.609375,0.187500,0.642338
32.806,0.109375,-0.546875,0.015625,0.557924
32.845,0.109375,-0.546875,0.015625,0.557924
32.857,0.046875,-0.421875,-0.296875,0.517987
32.884,-0.109375,-0.500000,-0.500000,0.715516
32.923,-0.046875,-0.468750,-0.312500,0.565314
32.924,-0.015625,-0.453125,-0.171875,0.484879
32.925,0.000000,-0.531250,-0.109375,0.542392
32.964,0.218750,-0.546875,-0.031250,0.589831
32.967,0.171875,-0.656250,0.046875,0.680002
33.003,0.125000,-0.812500,0.078125,0.825763
33.060,0.140625,-0.921875,0.015625,0.932670
33.086,0.187500,-0.984375,-0.062500,1.004020
33.087,0.203125,-1.093750,-0.062500,1.114206
33.087,0.218750,-1.156250,-0.078125,1.179351
33.123,0.140625,-1.062500,0.046875,1.072790
33.164,0.109375,-1.015625,0.015625,1.021617
33.164,0.140625,-1.000000,-0.078125,1.012857
33.165,0.140625,-0.953125,-0.109375,0.969632
33.244,0.109375,-0.890625,-0.109375,0.903957
33.283,0.062500,-0.843750,-0.109375,0.853102
33.284,0.078125,-0.890625,-0.109375,0.900710
33.285,0.093750,-0.890625,-0.093750,0.900439
33.285,0.125000,-0.890625,-0.140625,0.910282
33.286,0.125000,-0.937500,-0.125000,0.954021
33.286,0.125000,-0.953125,-0.109375,0.967489
33.323,0.109375,-0.953125,-0.125000,0.967489
33.325,0.171875,-0.984375,-0.156250,1.011410
33.364,0.171875,-0.984375,-0.156250,1.011410
33.426,0.187500,-1.000000,-0.156250,1.029354
33.426,0.109375,-0.984375,-0.109375,0.996454
33.427,0.109375,-0.953125,-0.140625,0.969632
33.484,0.125000,-0.968750,-0.218750,1.000976
33.525,0.140625,-0.921875,-0.250000,0.965468
33.539,0.125000,-0.859375,-0.296875,0.917761
33.540,0.125000,-0.875000,-0.328125,0.942823
33.540,0.140625,-0.906250,-0.265625,0.954789
33.541,0.109375,-0.875000,-0.265625,0.920948
33.564,0.093750,-0.859375,-0.265625,0.904362
33.565,0.140625,-0.937500,-0.296875,0.993386
33.619,0.125000,-0.906250,-0.265625,0.952613
33.643,0.078125,-0.921875,-0.234375,0.954405
33.644,0.062500,-0.968750,-0.234375,0.998656
33.644,0.078125,-1.031250,-0.203125,1.053964
33.683,0.078125,-0.984375,-0.250000,1.018625
33.726,0.046875,-0.937500,-0.250000,0.971393
33.763,0.046875,-0.968750,-0.218750,0.994246
33.764,0.062500,-1.031250,-0.250000,1.062959
33.764,0.062500,-0.968750,-0.265625,1.006449
33.765,0.015625,-0.890625,-0.234375,0.921080
33.766,0.015625,-0.953125,-0.218750,0.978030
33.803,0.015625,-0.953125,-0.250000,0.985490
33.806,0.046875,-0.890625,-0.343750,0.955811
33.846,0.000000,-0.828125,-0.343750,0.896635
33.846,0.000000,-0.828125,-0.343750,0.896635
33.887,0.000000,-0.875000,-0.312500,0.929129
33.887,-0.015625,-0.875000,-0.296875,0.924123
33.925,-0.015625,-0.890625,-0.296875,0.938931
33.925,-0.015625,-0.812500,-0.296875,0.865179
33.975,-0.015625,-0.875000,-0.359375,0.946055
33.985,0.015625,-0.890625,-0.406250,0.979028
34.005,-0.015625,-0.906250,-0.343750,0.969380
34.006,-0.015625,-0.859375,-0.312500,0.914563
34.045,-0.015625,-0.906250,-0.328125,0.963950
34.086,0.015625,-0.937500,-0.390625,1.015745
34.086,0.000000,-0.828125,-0.437500,0.936588
34.123,0.000000,-0.781250,-0.421875,0.887880
34.124,0.000000,-0.781250,-0.390625,0.873464
34.169,0.015625,-0.796875,-0.453125,0.916829
34.170,0.015625,-0.843750,-0.421875,0.943471
34.210,0.000000,-0.843750,-0.375000,0.923330
34.210,0.000000,-0.921875,-0.375000,0.995228
34.248,0.015625,-0.906250,-0.437500,1.006449
34.248,0.031250,-0.921875,-0.484375,1.041849
34.249,0.031250,-0.843750,-0.468750,0.965721
34.284,0.015625,-0.843750,-0.468750,0.965342
34.323,0.062500,-0.828125,-0.500000,0.969380
34.363,0.046875,-0.796875,-0.546875,0.967615
34.364,0.359375,-0.828125,-1.109375,1.430264
34.364,-0.187500,-1.046875,-0.390625,1.133001
34.366,0.171875,-0.515625,-0.562500,0.782187
34.403,0.109375,-1.343750,-0.765625,1.550422
34.404,-0.156250,-0.156250,-0.250000,0.333659
34.443,-0.015625,-1.031250,-0.312500,1.077672
34.444,0.203125,-0.796875,-0.281250,0.869121
34.483,-0.078125,-0.359375,-0.328125,0.492869
34.484,-0.062500,-0.796875,-0.265625,0.842302
34.541,-0.203125,-0.359375,-0.015625,0.413103
34.541,-0.046875,-1.296875,0.015625,1.297816
34.568,-0.156250,0.000000,-0.500000,0.523845
34.571,0.078125,-1.125000,-0.515625,1.239999
34.608,-0.390625,-2.328125,-1.093750,2.601738
34.609,-0.671875,-0.890625,-0.828125,1.389396
34.658,0.125000,-1.031250,-1.296875,1.661622
34.658,0.046875,-0.343750,-0.703125,0.784057
34.684,0.171875,-0.593750,-0.593750,0.857099
34.684,0.093750,-0.531250,-0.609375,0.813851
34.685,0.109375,-0.812500,-0.500000,0.960270
34.734,0.250000,-0.625000,-0.390625,0.778276
34.737,0.250000,-0.406250,-0.171875,0.507031
34.763,-0.359375,-1.062500,-1.203125,1.644861
34.803,-0.171875,-1.828125,-0.703125,1.966206
34.804,-0.234375,-0.765625,-1.015625,1.293293
34.804,0.359375,-0.906250,-0.250000,1.006449
34.845,-0.609375,0.046875,-0.906250,1.093080
34.847,-0.171875,-1.000000,-0.718750,1.243440
34.883,-0.078125,-0.890625,-0.750000,1.166969
34.966,-0.156250,-0.937500,-0.609375,1.129008
35.008,-0.125000,-0.671875,-0.625000,0.926103
35.044,-0.125000,-0.765625,-0.656250,1.016106
35.046,0.031250,-0.953125,-0.546875,1.099316
35.050,-0.125000,-0.687500,-0.531250,0.877786
35.051,-0.109375,-0.687500,-0.593750,0.914963
35.051,-0.046875,-0.859375,-0.593750,1.045592
35.052,-0.125000,-0.765625,-0.578125,0.967489
35.084,-0.078125,-0.703125,-0.546875,0.894181
35.085,-0.093750,-0.687500,-0.593750,0.913227
35.124,-0.109375,-0.812500,-0.593750,1.012254
35.203,-0.062500,-0.875000,-0.531250,1.025552
35.205,-0.093750,-0.750000,-0.515625,0.914963
35.206,-0.125000,-0.781250,-0.515625,0.944376
35.206,-0.109375,-0.843750,-0.515625,0.994860
35.206,-0.140625,-0.843750,-0.531250,1.006934
35.207,-0.140625,-0.781250,-0.531250,0.955172
35.243,-0.109375,-0.781250,-0.515625,0.942435
35.297,-0.125000,-0.843750,-0.500000,0.988706
35.297,-0.140625,-0.812500,-0.531250,0.980897
35.298,-0.125000,-0.812500,-0.515625,0.970387
35.334,-0.140625,-0.796875,-0.484375,0.943082
35.335,-0.156250,-0.781250,-0.484375,0.932408
35.368,-0.140625,-0.796875,-0.515625,0.959507
35.414,-0.156250,-0.796875,-0.515625,0.961921
35.414,-0.140625,-0.812500,-0.515625,0.972523
35.415,-0.125000,-0.812500,-0.531250,0.978779
35.444,-0.171875,-0.796875,-0.562500,0.990433
35.486,-0.156250,-0.781250,-0.531250,0.957597
35.530,-0.125000,-0.812500,-0.515625,0.970387
35.563,-0.156250,-0.796875,-0.531250,0.970387
35.603,-0.156250,-0.796875,-0.546875,0.979028
35.658,-0.140625,-0.812500,-0.531250,0.980897
35.683,-0.140625,-0.812500,-0.515625,0.972523
35.684,-0.140625,-0.828125,-0.515625,0.985614
35.700,-0.156250,-0.812500,-0.515625,0.974905
35.700,-0.156250,-0.796875,-0.531250,0.970387
35.704,-0.156250,-0.812500,-0.531250,0.983258
35.705,-0.156250,-0.812500,-0.500000,0.966732
35.705,-0.171875,-0.812500,-0.484375,0.961414
35.706,-0.171875,-0.812500,-0.484375,0.961414
35.706,-0.171875,-0.828125,-0.500000,0.982513
35.728,-0.156250,-0.812500,-0.500000,0.966732
35.767,-0.156250,-0.812500,-0.500000,0.966732
35.805,-0.156250,-0.812500,-0.500000,0.966732
35.805,-0.156250,-0.812500,-0.500000,0.966732
35.805,-0.156250,-0.812500,-0.500000,0.966732
35.806,-0.156250,-0.812500,-0.500000,0.966732
35.855,-0.156250,-0.812500,-0.484375,0.958744
35.884,-0.187500,-0.828125,-0.515625,0.993386
35.885,-0.187500,-0.828125,-0.515625,0.993386
35.885,-0.156250,-0.828125,-0.500000,0.979901
35.923,-0.156250,-0.828125,-0.500000,0.979901
35.924,-0.156250,-0.828125,-0.500000,0.979901
35.966,-0.156250,-0.812500,-0.500000,0.966732
36.047,-0.156250,-0.812500,-0.515625,0.974905
36.048,-0.171875,-0.812500,-0.500000,0.969380
36.048,-0.156250,-0.828125,-0.500000,0.979901
36.048,-0.156250,-0.812500,-0.500000,0.966732
36.084,-0.156250,-0.812500,-0.500000,0.966732
36.124,-0.171875,-0.812500,-0.515625,0.977531
36.125,-0.156250,-0.828125,-0.500000,0.979901
36.125,-0.156250,-0.828125,-0.500000,0.979901
36.164,-0.156250,-0.828125,-0.484375,0.972021
36.164,-0.156250,-0.812500,-0.500000,0.966732
36.206,-0.171875,-0.812500,-0.500000,0.969380
36.246,-0.171875,-0.812500,-0.500000,0.969380
36.284,-0.156250,-0.812500,-0.500000,0.966732
36.285,-0.156250,-0.812500,-0.484375,0.958744
36.286,-0.156250,-0.812500,-0.484375,0.958744
36.286,-0.171875,-0.828125,-0.500000,0.982513
36.286,-0.171875,-0.812500,-0.500000,0.969380
36.323,-0.156250,-0.812500,-0.484375,0.958744
36.364,-0.171875,-0.812500,-0.484375,0.961414
36.365,-0.171875,-0.812500,-0.484375,0.961414
36.365,-0.156250,-0.812500,-0.484375,0.958744
36.447,-0.171875,-0.828125,-0.500000,0.982513
36.484,-0.156250,-0.828125,-0.484375,0.972021
36.485,-0.156250,-0.812500,-0.468750,0.950945
36.486,-0.171875,-0.828125,-0.468750,0.966984
36.486,-0.171875,-0.828125,-0.484375,0.974654
36.486,-0.171875,-0.828125,-0.484375,0.974654
36.523,-0.156250,-0.828125,-0.500000,0.979901
36.525,-0.171875,-0.828125,-0.484375,0.974654
36.565,-0.156250,-0.828125,-0.484375,0.972021
36.565,-0.156250,-0.828125,-0.484375,0.972021
36.616,-0.156250,-0.828125,-0.484375,0.972021
36.616,-0.156250,-0.828125,-0.468750,0.964330
36.684,-0.156250,-0.828125,-0.484375,0.972021
36.684,-0.156250,-0.828125,-0.468750,0.964330
36.684,-0.171875,-0.828125,-0.468750,0.966984
36.685,-0.171875,-0.828125,-0.468750,0.966984
36.686,-0.187500,-0.843750,-0.453125,0.975906
36.726,-0.171875,-0.843750,-0.468750,0.980399
36.727,-0.156250,-0.843750,-0.453125,0.970387
36.763,-0.156250,-0.828125,-0.453125,0.956832
36.764,-0.171875,-0.828125,-0.453125,0.959507
36.819,-0.187500,-0.828125,-0.468750,0.969883
36.851,-0.171875,-0.843750,-0.468750,0.980399
36.861,-0.156250,-0.828125,-0.453125,0.956832
36.861,-0.156250,-0.828125,-0.484375,0.972021
36.887,-0.156250,-0.812500,-0.484375,0.958744
36.932,-0.156250,-0.812500,-0.468750,0.950945
36.963,-0.140625,-0.828125,-0.484375,0.969632
36.965,-0.156250,-0.843750,-0.484375,0.985367
36.966,-0.156250,-0.812500,-0.484375,0.958744
36.966,-0.140625,-0.828125,-0.500000,0.977531
37.008,-0.140625,-0.843750,-0.468750,0.975406
37.009,-0.140625,-0.828125,-0.453125,0.954405
37.085,-0.156250,-0.828125,-0.453125,0.956832
37.085,-0.125000,-0.859375,-0.453125,0.979527
37.086,-0.140625,-0.859375,-0.437500,0.974529
37.129,-0.140625,-0.843750,-0.468750,0.975406
